ind1	ind2	ind3	ind4	ind5	ind6	ind7	ind8	ind9	ind10
geneA	9.20875671866529	10.0587714784325	9.93508550455184	10.8502301349626	9.4975883848161	9.20875671866529	10.0587714784325	9.93508550455184	10.8502301349626	9.4975883848161
geneB	10.9799335845947	9.3721187527103	8.68277191838429	10.8045781273764	9.89364284764447	10.9799335845947	9.3721187527103	8.68277191838429	10.8045781273764	9.89364284764447
