id	pvalue	empirical_pvalue
geneA_regionA	0.786332551701255	0.000999000999000999
geneB_regionB	0.648042964843361	0.000999000999000999
