gene	pvalue	empirical_pvalue
geneA	0.786332551701255	0.0909090909090909
geneB	0.648042964843361	0.0909090909090909
